section,type,geo_level,country,state,year,quarter,period,source_path,category,count,amount,brand,registeredUsers,appOpens,brand_count,brand_percentage
aggregated,user,country,india,,2018,1,2018-Q1,data/aggregated/user/country/india/2018/1.json,,,,Apple,,,1825153.0,0.03893421601285741
aggregated,user,country,india,,2018,1,2018-Q1,data/aggregated/user/country/india/2018/1.json,,,,Huawei,,,808774.0,0.01725279010668297
aggregated,user,country,india,,2018,1,2018-Q1,data/aggregated/user/country/india/2018/1.json,,,,Lenovo,,,1246507.0,0.026590522986039446
aggregated,user,country,india,,2018,1,2018-Q1,data/aggregated/user/country/india/2018/1.json,,,,Motorola,,,1593250.0,0.033987254582210406
aggregated,user,country,india,,2018,1,2018-Q1,data/aggregated/user/country/india/2018/1.json,,,,OnePlus,,,1536418.0,0.03277491273227086
aggregated,user,country,india,,2018,1,2018-Q1,data/aggregated/user/country/india/2018/1.json,,,,Oppo,,,4479351.0,0.09555364368434255
aggregated,user,country,india,,2018,1,2018-Q1,data/aggregated/user/country/india/2018/1.json,,,,Others,,,5581520.0,0.1190651443249327
aggregated,user,country,india,,2018,1,2018-Q1,data/aggregated/user/country/india/2018/1.json,,,,Realme,,,2376866.0,0.05070337351313361
aggregated,user,country,india,,2018,1,2018-Q1,data/aggregated/user/country/india/2018/1.json,,,,Samsung,,,9609401.0,0.204988017052909
aggregated,user,country,india,,2018,1,2018-Q1,data/aggregated/user/country/india/2018/1.json,,,,Vivo,,,5894293.0,0.1257372269092363
aggregated,user,country,india,,2018,1,2018-Q1,data/aggregated/user/country/india/2018/1.json,,,,Xiaomi,,,11926334.0,0.25441289809538475
aggregated,user,country,india,,2018,1,2018-Q1,data/aggregated/user/country/india/2018/1.json,,,,,46877867.0,0.0,,
aggregated,user,country,india,,2018,2,2018-Q2,data/aggregated/user/country/india/2018/2.json,,,,Apple,,,2326897.0,0.03655866060609212
aggregated,user,country,india,,2018,2,2018-Q2,data/aggregated/user/country/india/2018/2.json,,,,Huawei,,,1104740.0,0.017356941333447166
aggregated,user,country,india,,2018,2,2018-Q2,data/aggregated/user/country/india/2018/2.json,,,,Lenovo,,,1627153.0,0.025564747507596863
aggregated,user,country,india,,2018,2,2018-Q2,data/aggregated/user/country/india/2018/2.json,,,,Motorola,,,2099718.0,0.03298937500478214
aggregated,user,country,india,,2018,2,2018-Q2,data/aggregated/user/country/india/2018/2.json,,,,OnePlus,,,1890141.0,0.029696640339757014
aggregated,user,country,india,,2018,2,2018-Q2,data/aggregated/user/country/india/2018/2.json,,,,Oppo,,,6246581.0,0.09814213294678001
aggregated,user,country,india,,2018,2,2018-Q2,data/aggregated/user/country/india/2018/2.json,,,,Others,,,7462707.0,0.11724909715200456
aggregated,user,country,india,,2018,2,2018-Q2,data/aggregated/user/country/india/2018/2.json,,,,Realme,,,3165738.0,0.04973797340828102
aggregated,user,country,india,,2018,2,2018-Q2,data/aggregated/user/country/india/2018/2.json,,,,Samsung,,,12943051.0,0.2033526231355927
aggregated,user,country,india,,2018,2,2018-Q2,data/aggregated/user/country/india/2018/2.json,,,,Vivo,,,8365074.0,0.13142648828497586
aggregated,user,country,india,,2018,2,2018-Q2,data/aggregated/user/country/india/2018/2.json,,,,Xiaomi,,,16416511.0,0.25792532028069054
aggregated,user,country,india,,2018,2,2018-Q2,data/aggregated/user/country/india/2018/2.json,,,,,63648311.0,0.0,,
aggregated,user,country,india,,2018,3,2018-Q3,data/aggregated/user/country/india/2018/3.json,,,,Apple,,,2774989.0,0.034682614450081785
aggregated,user,country,india,,2018,3,2018-Q3,data/aggregated/user/country/india/2018/3.json,,,,Huawei,,,1444125.0,0.018049091579362787
aggregated,user,country,india,,2018,3,2018-Q3,data/aggregated/user/country/india/2018/3.json,,,,Lenovo,,,1857680.0,0.023217821480239355
aggregated,user,country,india,,2018,3,2018-Q3,data/aggregated/user/country/india/2018/3.json,,,,Motorola,,,2529272.0,0.03161157237574176
aggregated,user,country,india,,2018,3,2018-Q3,data/aggregated/user/country/india/2018/3.json,,,,OnePlus,,,2231557.0,0.027890644270799327
aggregated,user,country,india,,2018,3,2018-Q3,data/aggregated/user/country/india/2018/3.json,,,,Oppo,,,8103650.0,0.10128175952712073
aggregated,user,country,india,,2018,3,2018-Q3,data/aggregated/user/country/india/2018/3.json,,,,Others,,,8900410.0,0.11123989625820226
aggregated,user,country,india,,2018,3,2018-Q3,data/aggregated/user/country/india/2018/3.json,,,,Realme,,,3962596.0,0.04952566993578579
aggregated,user,country,india,,2018,3,2018-Q3,data/aggregated/user/country/india/2018/3.json,,,,Samsung,,,16228372.0,0.20282688299971735
aggregated,user,country,india,,2018,3,2018-Q3,data/aggregated/user/country/india/2018/3.json,,,,Vivo,,,11118842.0,0.13896650048608344
aggregated,user,country,india,,2018,3,2018-Q3,data/aggregated/user/country/india/2018/3.json,,,,Xiaomi,,,20859459.0,0.2607075466368654
aggregated,user,country,india,,2018,3,2018-Q3,data/aggregated/user/country/india/2018/3.json,,,,,80010952.0,0.0,,
aggregated,user,country,india,,2018,4,2018-Q4,data/aggregated/user/country/india/2018/4.json,,,,Apple,,,3435529.0,0.03359534482267152
aggregated,user,country,india,,2018,4,2018-Q4,data/aggregated/user/country/india/2018/4.json,,,,Huawei,,,1899667.0,0.01857646025204559
aggregated,user,country,india,,2018,4,2018-Q4,data/aggregated/user/country/india/2018/4.json,,,,Lenovo,,,2257295.0,0.022073632296945332
aggregated,user,country,india,,2018,4,2018-Q4,data/aggregated/user/country/india/2018/4.json,,,,Motorola,,,3089947.0,0.030215968180964094
aggregated,user,country,india,,2018,4,2018-Q4,data/aggregated/user/country/india/2018/4.json,,,,OnePlus,,,2668868.0,0.026098321611080475
aggregated,user,country,india,,2018,4,2018-Q4,data/aggregated/user/country/india/2018/4.json,,,,Oppo,,,10754040.0,0.10516158706178944
aggregated,user,country,india,,2018,4,2018-Q4,data/aggregated/user/country/india/2018/4.json,,,,Others,,,10742234.0,0.10504613857016662
aggregated,user,country,india,,2018,4,2018-Q4,data/aggregated/user/country/india/2018/4.json,,,,Realme,,,4997725.0,0.04887174426526046
aggregated,user,country,india,,2018,4,2018-Q4,data/aggregated/user/country/india/2018/4.json,,,,Samsung,,,20740259.0,0.2028148075060686
aggregated,user,country,india,,2018,4,2018-Q4,data/aggregated/user/country/india/2018/4.json,,,,Vivo,,,14966905.0,0.14635834376690357
aggregated,user,country,india,,2018,4,2018-Q4,data/aggregated/user/country/india/2018/4.json,,,,Xiaomi,,,26709586.0,0.2611876516661043
aggregated,user,country,india,,2018,4,2018-Q4,data/aggregated/user/country/india/2018/4.json,,,,,102262055.0,0.0,,
aggregated,user,country,india,,2019,1,2019-Q1,data/aggregated/user/country/india/2019/1.json,,,,Apple,,,4005092.0,0.03244757695851729
aggregated,user,country,india,,2019,1,2019-Q1,data/aggregated/user/country/india/2019/1.json,,,,Huawei,,,2364933.0,0.019159696086690933
aggregated,user,country,india,,2019,1,2019-Q1,data/aggregated/user/country/india/2019/1.json,,,,Lenovo,,,2553783.0,0.02068967964477549
aggregated,user,country,india,,2019,1,2019-Q1,data/aggregated/user/country/india/2019/1.json,,,,Motorola,,,3531217.0,0.028608440296683458
aggregated,user,country,india,,2019,1,2019-Q1,data/aggregated/user/country/india/2019/1.json,,,,OnePlus,,,3042107.0,0.02464587604942512
aggregated,user,country,india,,2019,1,2019-Q1,data/aggregated/user/country/india/2019/1.json,,,,Oppo,,,13426696.0,0.10877746422769222
aggregated,user,country,india,,2019,1,2019-Q1,data/aggregated/user/country/india/2019/1.json,,,,Others,,,12535293.0,0.10155569068452437
aggregated,user,country,india,,2019,1,2019-Q1,data/aggregated/user/country/india/2019/1.json,,,,Realme,,,5948556.0,0.04819270783344047
aggregated,user,country,india,,2019,1,2019-Q1,data/aggregated/user/country/india/2019/1.json,,,,Samsung,,,25070398.0,0.20310985827183445
aggregated,user,country,india,,2019,1,2019-Q1,data/aggregated/user/country/india/2019/1.json,,,,Vivo,,,18778714.0,0.15213727117803685
aggregated,user,country,india,,2019,1,2019-Q1,data/aggregated/user/country/india/2019/1.json,,,,Xiaomi,,,32175910.0,0.26067573876837935
aggregated,user,country,india,,2019,1,2019-Q1,data/aggregated/user/country/india/2019/1.json,,,,,123432699.0,0.0,,
aggregated,user,country,india,,2019,2,2019-Q2,data/aggregated/user/country/india/2019/2.json,,,,Apple,,,4511382.0,0.031813260254733036
aggregated,user,country,india,,2019,2,2019-Q2,data/aggregated/user/country/india/2019/2.json,,,,Huawei,,,2738178.0,0.019309020902637905
aggregated,user,country,india,,2019,2,2019-Q2,data/aggregated/user/country/india/2019/2.json,,,,Lenovo,,,2826639.0,0.019932828156245322
aggregated,user,country,india,,2019,2,2019-Q2,data/aggregated/user/country/india/2019/2.json,,,,Motorola,,,3917097.0,0.02762249490378647
aggregated,user,country,india,,2019,2,2019-Q2,data/aggregated/user/country/india/2019/2.json,,,,OnePlus,,,3331797.0,0.02349508977003915
aggregated,user,country,india,,2019,2,2019-Q2,data/aggregated/user/country/india/2019/2.json,,,,Oppo,,,15797055.0,0.11139731061863788
aggregated,user,country,india,,2019,2,2019-Q2,data/aggregated/user/country/india/2019/2.json,,,,Others,,,13906209.0,0.09806348610552394
aggregated,user,country,india,,2019,2,2019-Q2,data/aggregated/user/country/india/2019/2.json,,,,Realme,,,6829373.0,0.04815921609512272
aggregated,user,country,india,,2019,2,2019-Q2,data/aggregated/user/country/india/2019/2.json,,,,Samsung,,,28857066.0,0.20349359704986367
aggregated,user,country,india,,2019,2,2019-Q2,data/aggregated/user/country/india/2019/2.json,,,,Vivo,,,22157338.0,0.15624860859623194
aggregated,user,country,india,,2019,2,2019-Q2,data/aggregated/user/country/india/2019/2.json,,,,Xiaomi,,,36936092.0,0.26046508754717795
aggregated,user,country,india,,2019,2,2019-Q2,data/aggregated/user/country/india/2019/2.json,,,,,141808226.0,920413791.0,,
aggregated,user,country,india,,2019,3,2019-Q3,data/aggregated/user/country/india/2019/3.json,,,,Apple,,,4969855.0,0.03119927341363796
aggregated,user,country,india,,2019,3,2019-Q3,data/aggregated/user/country/india/2019/3.json,,,,Huawei,,,3116564.0,0.019564863028619785
aggregated,user,country,india,,2019,3,2019-Q3,data/aggregated/user/country/india/2019/3.json,,,,Lenovo,,,2892338.0,0.018157238806092893
aggregated,user,country,india,,2019,3,2019-Q3,data/aggregated/user/country/india/2019/3.json,,,,Motorola,,,4193041.0,0.026322665871256593
aggregated,user,country,india,,2019,3,2019-Q3,data/aggregated/user/country/india/2019/3.json,,,,OnePlus,,,3607223.0,0.022645074482246137
aggregated,user,country,india,,2019,3,2019-Q3,data/aggregated/user/country/india/2019/3.json,,,,Oppo,,,18090143.0,0.11356454414642055
aggregated,user,country,india,,2019,3,2019-Q3,data/aggregated/user/country/india/2019/3.json,,,,Others,,,15249733.0,0.09573329389931445
aggregated,user,country,india,,2019,3,2019-Q3,data/aggregated/user/country/india/2019/3.json,,,,Realme,,,7851606.0,0.049290050178558587
aggregated,user,country,india,,2019,3,2019-Q3,data/aggregated/user/country/india/2019/3.json,,,,Samsung,,,32271518.0,0.2025910038733804
aggregated,user,country,india,,2019,3,2019-Q3,data/aggregated/user/country/india/2019/3.json,,,,Vivo,,,25597791.0,0.16069532817238352
aggregated,user,country,india,,2019,3,2019-Q3,data/aggregated/user/country/india/2019/3.json,,,,Xiaomi,,,41454122.0,0.26023666412808916
aggregated,user,country,india,,2019,3,2019-Q3,data/aggregated/user/country/india/2019/3.json,,,,,159293934.0,3448366103.0,,
aggregated,user,country,india,,2019,4,2019-Q4,data/aggregated/user/country/india/2019/4.json,,,,Apple,,,5361581.0,0.030074088612245232
aggregated,user,country,india,,2019,4,2019-Q4,data/aggregated/user/country/india/2019/4.json,,,,Huawei,,,3492460.0,0.01958984700869426
aggregated,user,country,india,,2019,4,2019-Q4,data/aggregated/user/country/india/2019/4.json,,,,Lenovo,,,3062118.0,0.01717598000909641
aggregated,user,country,india,,2019,4,2019-Q4,data/aggregated/user/country/india/2019/4.json,,,,Motorola,,,4494286.0,0.02520927230471258
aggregated,user,country,india,,2019,4,2019-Q4,data/aggregated/user/country/india/2019/4.json,,,,OnePlus,,,3833328.0,0.02150183797499297
aggregated,user,country,india,,2019,4,2019-Q4,data/aggregated/user/country/india/2019/4.json,,,,Oppo,,,20682715.0,0.11601313188252003
aggregated,user,country,india,,2019,4,2019-Q4,data/aggregated/user/country/india/2019/4.json,,,,Others,,,16521798.0,0.09267378728132916
aggregated,user,country,india,,2019,4,2019-Q4,data/aggregated/user/country/india/2019/4.json,,,,Realme,,,9177720.0,0.051479510341888954
aggregated,user,country,india,,2019,4,2019-Q4,data/aggregated/user/country/india/2019/4.json,,,,Samsung,,,35921409.0,0.2014897541122112
aggregated,user,country,india,,2019,4,2019-Q4,data/aggregated/user/country/india/2019/4.json,,,,Vivo,,,29444698.0,0.16516069734147446
aggregated,user,country,india,,2019,4,2019-Q4,data/aggregated/user/country/india/2019/4.json,,,,Xiaomi,,,46286972.0,0.25963209313083474
aggregated,user,country,india,,2019,4,2019-Q4,data/aggregated/user/country/india/2019/4.json,,,,,178279085.0,4301071954.0,,
aggregated,user,country,india,,2020,1,2020-Q1,data/aggregated/user/country/india/2020/1.json,,,,Apple,,,5755009.0,0.02912820054650189
aggregated,user,country,india,,2020,1,2020-Q1,data/aggregated/user/country/india/2020/1.json,,,,Huawei,,,3850925.0,0.019490936623997944
aggregated,user,country,india,,2020,1,2020-Q1,data/aggregated/user/country/india/2020/1.json,,,,Lenovo,,,3276777.0,0.01658496408991972
aggregated,user,country,india,,2020,1,2020-Q1,data/aggregated/user/country/india/2020/1.json,,,,Motorola,,,4756036.0,0.02407203366917109
aggregated,user,country,india,,2020,1,2020-Q1,data/aggregated/user/country/india/2020/1.json,,,,OnePlus,,,4027133.0,0.020382789610135413
aggregated,user,country,india,,2020,1,2020-Q1,data/aggregated/user/country/india/2020/1.json,,,,Oppo,,,23375458.0,0.11831172262116912
aggregated,user,country,india,,2020,1,2020-Q1,data/aggregated/user/country/india/2020/1.json,,,,Others,,,17812940.0,0.09015778926545646
aggregated,user,country,india,,2020,1,2020-Q1,data/aggregated/user/country/india/2020/1.json,,,,Realme,,,10582375.0,0.05356126137392451
aggregated,user,country,india,,2020,1,2020-Q1,data/aggregated/user/country/india/2020/1.json,,,,Samsung,,,39560399.0,0.20022961489228475
aggregated,user,country,india,,2020,1,2020-Q1,data/aggregated/user/country/india/2020/1.json,,,,Vivo,,,33573609.0,0.1699282861281087
aggregated,user,country,india,,2020,1,2020-Q1,data/aggregated/user/country/india/2020/1.json,,,,Xiaomi,,,51004503.0,0.2581524011793304
aggregated,user,country,india,,2020,1,2020-Q1,data/aggregated/user/country/india/2020/1.json,,,,,197575164.0,4768944662.0,,
aggregated,user,country,india,,2020,2,2020-Q2,data/aggregated/user/country/india/2020/2.json,,,,Apple,,,6099798.0,0.02785342618030953
aggregated,user,country,india,,2020,2,2020-Q2,data/aggregated/user/country/india/2020/2.json,,,,Huawei,,,4210805.0,0.01922774266085176
aggregated,user,country,india,,2020,2,2020-Q2,data/aggregated/user/country/india/2020/2.json,,,,Lenovo,,,3472895.0,0.01585823407831965
aggregated,user,country,india,,2020,2,2020-Q2,data/aggregated/user/country/india/2020/2.json,,,,Motorola,,,5066664.0,0.02313584018756552
aggregated,user,country,india,,2020,2,2020-Q2,data/aggregated/user/country/india/2020/2.json,,,,OnePlus,,,4176941.0,0.019073109929707222
aggregated,user,country,india,,2020,2,2020-Q2,data/aggregated/user/country/india/2020/2.json,,,,Oppo,,,26438928.0,0.12072772398930565
aggregated,user,country,india,,2020,2,2020-Q2,data/aggregated/user/country/india/2020/2.json,,,,Others,,,19490728.0,0.08900025108183779
aggregated,user,country,india,,2020,2,2020-Q2,data/aggregated/user/country/india/2020/2.json,,,,Realme,,,12034857.0,0.05495460686404392
aggregated,user,country,india,,2020,2,2020-Q2,data/aggregated/user/country/india/2020/2.json,,,,Samsung,,,43708551.0,0.19958577295949706
aggregated,user,country,india,,2020,2,2020-Q2,data/aggregated/user/country/india/2020/2.json,,,,Vivo,,,38093292.0,0.17394489074670594
aggregated,user,country,india,,2020,2,2020-Q2,data/aggregated/user/country/india/2020/2.json,,,,Xiaomi,,,56202867.0,0.25663840132185595
aggregated,user,country,india,,2020,2,2020-Q2,data/aggregated/user/country/india/2020/2.json,,,,,218996326.0,4357634272.0,,
aggregated,user,country,india,,2020,3,2020-Q3,data/aggregated/user/country/india/2020/3.json,,,,Apple,,,6523683.0,0.02705017860806327
aggregated,user,country,india,,2020,3,2020-Q3,data/aggregated/user/country/india/2020/3.json,,,,Huawei,,,4565437.0,0.01893039350223801
aggregated,user,country,india,,2020,3,2020-Q3,data/aggregated/user/country/india/2020/3.json,,,,Lenovo,,,3679349.0,0.015256266684233275
aggregated,user,country,india,,2020,3,2020-Q3,data/aggregated/user/country/india/2020/3.json,,,,Motorola,,,5363550.0,0.02223973566362402
aggregated,user,country,india,,2020,3,2020-Q3,data/aggregated/user/country/india/2020/3.json,,,,OnePlus,,,4382412.0,0.018171487997519158
aggregated,user,country,india,,2020,3,2020-Q3,data/aggregated/user/country/india/2020/3.json,,,,Oppo,,,29530065.0,0.122445178982136
aggregated,user,country,india,,2020,3,2020-Q3,data/aggregated/user/country/india/2020/3.json,,,,Others,,,20809932.0,0.08628751234872253
aggregated,user,country,india,,2020,3,2020-Q3,data/aggregated/user/country/india/2020/3.json,,,,Realme,,,13737667.0,0.05696266143037556
aggregated,user,country,india,,2020,3,2020-Q3,data/aggregated/user/country/india/2020/3.json,,,,Samsung,,,48012276.0,0.19908089359639786
aggregated,user,country,india,,2020,3,2020-Q3,data/aggregated/user/country/india/2020/3.json,,,,Vivo,,,43182078.0,0.179052679685282
aggregated,user,country,india,,2020,3,2020-Q3,data/aggregated/user/country/india/2020/3.json,,,,Xiaomi,,,61383234.0,0.2545230115014083
aggregated,user,country,india,,2020,3,2020-Q3,data/aggregated/user/country/india/2020/3.json,,,,,241169683.0,5739326491.0,,
aggregated,user,country,india,,2020,4,2020-Q4,data/aggregated/user/country/india/2020/4.json,,,,Apple,,,7052763.0,0.026687586532525877
aggregated,user,country,india,,2020,4,2020-Q4,data/aggregated/user/country/india/2020/4.json,,,,Huawei,,,4915828.0,0.01860144529583847
aggregated,user,country,india,,2020,4,2020-Q4,data/aggregated/user/country/india/2020/4.json,,,,Lenovo,,,3880170.0,0.01468252550609044
aggregated,user,country,india,,2020,4,2020-Q4,data/aggregated/user/country/india/2020/4.json,,,,Motorola,,,5650618.0,0.02138188350257173
aggregated,user,country,india,,2020,4,2020-Q4,data/aggregated/user/country/india/2020/4.json,,,,OnePlus,,,4621214.0,0.017486628787940276
aggregated,user,country,india,,2020,4,2020-Q4,data/aggregated/user/country/india/2020/4.json,,,,Oppo,,,32684041.0,0.12367609296103152
aggregated,user,country,india,,2020,4,2020-Q4,data/aggregated/user/country/india/2020/4.json,,,,Others,,,22375116.0,0.08466722111962421
aggregated,user,country,india,,2020,4,2020-Q4,data/aggregated/user/country/india/2020/4.json,,,,Realme,,,15590747.0,0.05899523487025131
aggregated,user,country,india,,2020,4,2020-Q4,data/aggregated/user/country/india/2020/4.json,,,,Samsung,,,52578970.0,0.19895831061756677
aggregated,user,country,india,,2020,4,2020-Q4,data/aggregated/user/country/india/2020/4.json,,,,Vivo,,,48210115.0,0.18242660582888207
aggregated,user,country,india,,2020,4,2020-Q4,data/aggregated/user/country/india/2020/4.json,,,,Xiaomi,,,66711711.0,0.2524364649776773
aggregated,user,country,india,,2020,4,2020-Q4,data/aggregated/user/country/india/2020/4.json,,,,,264271293.0,7461623162.0,,
aggregated,user,country,india,,2021,1,2021-Q1,data/aggregated/user/country/india/2021/1.json,,,,Apple,,,7576154.0,0.026584355558106953
aggregated,user,country,india,,2021,1,2021-Q1,data/aggregated/user/country/india/2021/1.json,,,,Huawei,,,5145488.0,0.018055266895574275
aggregated,user,country,india,,2021,1,2021-Q1,data/aggregated/user/country/india/2021/1.json,,,,Lenovo,,,3907304.0,0.0137105395177571
aggregated,user,country,india,,2021,1,2021-Q1,data/aggregated/user/country/india/2021/1.json,,,,Motorola,,,5792974.0,0.020327263748185304
aggregated,user,country,india,,2021,1,2021-Q1,data/aggregated/user/country/india/2021/1.json,,,,OnePlus,,,4895538.0,0.017178204513823743
aggregated,user,country,india,,2021,1,2021-Q1,data/aggregated/user/country/india/2021/1.json,,,,Oppo,,,35512326.0,0.12461102309686499
aggregated,user,country,india,,2021,1,2021-Q1,data/aggregated/user/country/india/2021/1.json,,,,Others,,,23564639.0,0.08268717105993804
aggregated,user,country,india,,2021,1,2021-Q1,data/aggregated/user/country/india/2021/1.json,,,,Realme,,,17541519.0,0.06155233620188934
aggregated,user,country,india,,2021,1,2021-Q1,data/aggregated/user/country/india/2021/1.json,,,,Samsung,,,56154585.0,0.19704370500625243
aggregated,user,country,india,,2021,1,2021-Q1,data/aggregated/user/country/india/2021/1.json,,,,Vivo,,,53341749.0,0.18717360041880035
aggregated,user,country,india,,2021,1,2021-Q1,data/aggregated/user/country/india/2021/1.json,,,,Xiaomi,,,71553154.0,0.2510765339828075
aggregated,user,country,india,,2021,1,2021-Q1,data/aggregated/user/country/india/2021/1.json,,,,,284985430.0,8635508502.0,,
aggregated,user,country,india,,2021,2,2021-Q2,data/aggregated/user/country/india/2021/2.json,,,,Apple,,,8143414.0,0.02667714427063531
aggregated,user,country,india,,2021,2,2021-Q2,data/aggregated/user/country/india/2021/2.json,,,,Huawei,,,5068955.0,0.016605473310869152
aggregated,user,country,india,,2021,2,2021-Q2,data/aggregated/user/country/india/2021/2.json,,,,Lenovo,,,3768280.0,0.01234457062015386
aggregated,user,country,india,,2021,2,2021-Q2,data/aggregated/user/country/india/2021/2.json,,,,Motorola,,,5744294.0,0.018817827482545377
aggregated,user,country,india,,2021,2,2021-Q2,data/aggregated/user/country/india/2021/2.json,,,,OnePlus,,,5365636.0,0.0175773754933391
aggregated,user,country,india,,2021,2,2021-Q2,data/aggregated/user/country/india/2021/2.json,,,,Oppo,,,38402777.0,0.12580429073384153
aggregated,user,country,india,,2021,2,2021-Q2,data/aggregated/user/country/india/2021/2.json,,,,Others,,,24405595.0,0.0799506912979858
aggregated,user,country,india,,2021,2,2021-Q2,data/aggregated/user/country/india/2021/2.json,,,,Realme,,,20619455.0,0.06754761280918206
aggregated,user,country,india,,2021,2,2021-Q2,data/aggregated/user/country/india/2021/2.json,,,,Samsung,,,59144667.0,0.193752990379426
aggregated,user,country,india,,2021,2,2021-Q2,data/aggregated/user/country/india/2021/2.json,,,,Vivo,,,58646521.0,0.1921211056797362
aggregated,user,country,india,,2021,2,2021-Q2,data/aggregated/user/country/india/2021/2.json,,,,Xiaomi,,,75948492.0,0.2488009179222856
aggregated,user,country,india,,2021,2,2021-Q2,data/aggregated/user/country/india/2021/2.json,,,,,305258086.0,9630620549.0,,
aggregated,user,country,india,,2021,3,2021-Q3,data/aggregated/user/country/india/2021/3.json,,,,Apple,,,8753177.0,0.02665766945117494
aggregated,user,country,india,,2021,3,2021-Q3,data/aggregated/user/country/india/2021/3.json,,,,Huawei,,,5126319.0,0.015612127734110446
aggregated,user,country,india,,2021,3,2021-Q3,data/aggregated/user/country/india/2021/3.json,,,,Lenovo,,,3585329.0,0.010919065769572762
aggregated,user,country,india,,2021,3,2021-Q3,data/aggregated/user/country/india/2021/3.json,,,,Motorola,,,5650891.0,0.017209703903236437
aggregated,user,country,india,,2021,3,2021-Q3,data/aggregated/user/country/india/2021/3.json,,,,OnePlus,,,6266945.0,0.01908588713317388
aggregated,user,country,india,,2021,3,2021-Q3,data/aggregated/user/country/india/2021/3.json,,,,Oppo,,,42064749.0,0.1281075630469533
aggregated,user,country,india,,2021,3,2021-Q3,data/aggregated/user/country/india/2021/3.json,,,,Others,,,25334092.0,0.07715459773995835
aggregated,user,country,india,,2021,3,2021-Q3,data/aggregated/user/country/india/2021/3.json,,,,Realme,,,24185973.0,0.07365801852162271
aggregated,user,country,india,,2021,3,2021-Q3,data/aggregated/user/country/india/2021/3.json,,,,Samsung,,,61299387.0,0.1866863649856104
aggregated,user,country,india,,2021,3,2021-Q3,data/aggregated/user/country/india/2021/3.json,,,,Vivo,,,65338474.0,0.19898734394793893
aggregated,user,country,india,,2021,3,2021-Q3,data/aggregated/user/country/india/2021/3.json,,,,Xiaomi,,,80749587.0,0.24592165776664782
aggregated,user,country,india,,2021,3,2021-Q3,data/aggregated/user/country/india/2021/3.json,,,,,328354923.0,12256377890.0,,
aggregated,user,country,india,,2021,4,2021-Q4,data/aggregated/user/country/india/2021/4.json,,,,Apple,,,9883075.0,0.02814396781855819
aggregated,user,country,india,,2021,4,2021-Q4,data/aggregated/user/country/india/2021/4.json,,,,Huawei,,,4930699.0,0.014041119183958135
aggregated,user,country,india,,2021,4,2021-Q4,data/aggregated/user/country/india/2021/4.json,,,,Motorola,,,5648173.0,0.016084265185243384
aggregated,user,country,india,,2021,4,2021-Q4,data/aggregated/user/country/india/2021/4.json,,,,OnePlus,,,7178086.0,0.020440988395093944
aggregated,user,country,india,,2021,4,2021-Q4,data/aggregated/user/country/india/2021/4.json,,,,Oppo,,,45569087.0,0.12976678999694713
aggregated,user,country,india,,2021,4,2021-Q4,data/aggregated/user/country/india/2021/4.json,,,,Others,,,25544819.0,0.07274381342516309
aggregated,user,country,india,,2021,4,2021-Q4,data/aggregated/user/country/india/2021/4.json,,,,Realme,,,28686022.0,0.08168899659371726
aggregated,user,country,india,,2021,4,2021-Q4,data/aggregated/user/country/india/2021/4.json,,,,Samsung,,,63618499.0,0.18116598209777587
aggregated,user,country,india,,2021,4,2021-Q4,data/aggregated/user/country/india/2021/4.json,,,,Tecno,,,3799428.0,0.01081960618136854
aggregated,user,country,india,,2021,4,2021-Q4,data/aggregated/user/country/india/2021/4.json,,,,Vivo,,,71483071.0,0.20356187216991778
aggregated,user,country,india,,2021,4,2021-Q4,data/aggregated/user/country/india/2021/4.json,,,,Xiaomi,,,84820436.0,0.2415425989522567
aggregated,user,country,india,,2021,4,2021-Q4,data/aggregated/user/country/india/2021/4.json,,,,,351161395.0,15172529039.0,,
aggregated,user,country,india,,2022,1,2022-Q1,data/aggregated/user/country/india/2022/1.json,,,,Apple,,,10780434.0,0.028905700693556857
aggregated,user,country,india,,2022,1,2022-Q1,data/aggregated/user/country/india/2022/1.json,,,,Huawei,,,4882972.0,0.013092768540396307
aggregated,user,country,india,,2022,1,2022-Q1,data/aggregated/user/country/india/2022/1.json,,,,Motorola,,,5610140.0,0.015042532396093801
aggregated,user,country,india,,2022,1,2022-Q1,data/aggregated/user/country/india/2022/1.json,,,,OnePlus,,,7974546.0,0.021382241182776228
aggregated,user,country,india,,2022,1,2022-Q1,data/aggregated/user/country/india/2022/1.json,,,,Oppo,,,49093857.0,0.13163591895597906
aggregated,user,country,india,,2022,1,2022-Q1,data/aggregated/user/country/india/2022/1.json,,,,Others,,,25835848.0,0.06927395404046159
aggregated,user,country,india,,2022,1,2022-Q1,data/aggregated/user/country/india/2022/1.json,,,,Realme,,,32685615.0,0.08764031245632897
aggregated,user,country,india,,2022,1,2022-Q1,data/aggregated/user/country/india/2022/1.json,,,,Samsung,,,65886728.0,0.17666283558211032
aggregated,user,country,india,,2022,1,2022-Q1,data/aggregated/user/country/india/2022/1.json,,,,Tecno,,,4550078.0,0.012200176059733569
aggregated,user,country,india,,2022,1,2022-Q1,data/aggregated/user/country/india/2022/1.json,,,,Vivo,,,77224616.0,0.20706324404665546
aggregated,user,country,india,,2022,1,2022-Q1,data/aggregated/user/country/india/2022/1.json,,,,Xiaomi,,,88426997.0,0.2371003160459078
aggregated,user,country,india,,2022,1,2022-Q1,data/aggregated/user/country/india/2022/1.json,,,,,372951831.0,15724195113.0,,
aggregated,user,country,india,,2022,2,2022-Q2,data/aggregated/user/country/india/2022/2.json,,,,,393424643.0,17786667567.0,,
aggregated,user,country,india,,2022,3,2022-Q3,data/aggregated/user/country/india/2022/3.json,,,,,414324881.0,19223454074.0,,
aggregated,user,country,india,,2022,4,2022-Q4,data/aggregated/user/country/india/2022/4.json,,,,,433947940.0,21262699669.0,,
aggregated,user,country,india,,2023,1,2023-Q1,data/aggregated/user/country/india/2023/1.json,,,,,453886185.0,22927510601.0,,
aggregated,user,country,india,,2023,2,2023-Q2,data/aggregated/user/country/india/2023/2.json,,,,,472369901.0,24931188217.0,,
aggregated,user,country,india,,2023,3,2023-Q3,data/aggregated/user/country/india/2023/3.json,,,,,491434385.0,27225177134.0,,
aggregated,user,country,india,,2023,4,2023-Q4,data/aggregated/user/country/india/2023/4.json,,,,,509358280.0,29936587770.0,,
aggregated,user,country,india,,2024,1,2024-Q1,data/aggregated/user/country/india/2024/1.json,,,,,530084540.0,32626239822.0,,
aggregated,user,country,india,,2024,2,2024-Q2,data/aggregated/user/country/india/2024/2.json,,,,,550287982.0,35407900260.0,,
aggregated,user,country,india,,2024,3,2024-Q3,data/aggregated/user/country/india/2024/3.json,,,,,568010051.0,38129751823.0,,
aggregated,user,country,india,,2024,4,2024-Q4,data/aggregated/user/country/india/2024/4.json,,,,,586756452.0,40416377679.0,,
